Date,Stock,Open,High,Low,Close,Volume,SMA_10,SMA_50,EMA_10,EMA_50,Close_Lag_1,Close_Lag_3,Close_Lag_7,Close_Lag_14,RSI_14,Bollinger_High,Bollinger_Low,Volatility
2024-03-13,AAPL,170.3257598876953,172.37607625258147,169.95748841772314,171.9580519129805,52488700,172.7642308535309,182.75671997821445,173.2153001669464,180.91667735394418,172.3362371923594,168.20576217934803,175.3221528407019,182.6177232415446,36.20851150296751,188.5688488024802,166.37117629688436,2.4185878348583287
2024-03-14,AAPL,172.1869659423828,173.49080701178275,171.2414336176872,172.0973925529764,72913500,171.9321597426771,182.47800638914453,173.01204423713367,180.57082304802387,171.9580519129805,172.12725037151972,169.9574719243141,184.1405042298665,36.60997886303056,187.70093668596408,166.00392160619347,2.2493733940955565
2024-03-15,AAPL,171.80873107910156,171.80873107910156,169.4896795825833,170.36554869703198,121664700,171.09809711968032,182.2229059454993,172.53086322984242,180.17061621073006,172.0973925529764,172.3362371923594,170.256065044738,181.38353517321784,33.76565949590821,187.0889139912037,165.38376064867828,2.319051496518256
2024-03-18,AAPL,172.90357971191406,176.87483361469177,172.70452267737835,174.7448914522954,75604200,171.04037098083967,182.09654549373911,172.93341381574297,179.95784269079147,170.36554869703198,171.9580519129805,168.35503848083317,180.24888975946536,45.33202154088208,186.31565249228103,165.375714300885,4.170310937313417
2024-03-19,AAPL,175.2524871826172,175.77999515234478,172.2168180823409,173.52065910891577,55215200,171.39668969929983,181.94888122723364,173.04018568722893,179.70540411895323,174.7448914522954,172.0973925529764,168.20576217934803,181.65227187035532,43.06786473216638,185.7204234330026,165.22944518120667,3.5631770700038885
2024-03-20,AAPL,177.83030700683594,177.83030700683594,174.2671300256647,174.89417408943874,53423100,171.86050060376994,181.82669933995908,173.3772744876307,179.51672843152127,173.52065910891577,170.36554869703198,172.12725037151972,180.4181036615144,46.30801470551458,185.0830440700865,165.24774580095522,3.563176981171239
2024-03-21,AAPL,170.56460571289062,176.65585381045534,170.037097774542,176.21791925324277,106181300,172.64678868101086,181.69461083361975,173.89375535410562,179.38736336570645,174.89417408943874,174.7448914522954,172.3362371923594,178.70617492699984,49.30268014047761,184.17623061044242,165.5145788617691,6.61875603591335
2024-03-22,AAPL,171.47035217285156,172.23673773536032,169.26078406375387,170.95279171103329,71106600,172.9214916341794,181.44867104013372,173.35903469172882,179.05659584983692,176.21791925324277,173.52065910891577,171.9580519129805,175.3221528407019,39.79531830126468,182.6166695118358,165.7553687084924,2.9759536716064474
2024-03-25,AAPL,170.0470733642578,171.13194711675715,168.65364374159117,169.76839047714014,54288300,172.68560564474143,181.13550478233432,172.70619028907635,178.69235250188802,170.95279171103329,174.89417408943874,172.0973925529764,169.9574719243141,38.01921868443788,181.55944262414752,165.6510811265729,2.4783033751659787
2024-03-26,AAPL,168.9124298095703,170.61438491064948,168.78303590364706,169.20106023000122,57388400,172.37208794850562,180.8205348242283,172.06889391469903,178.32014496181404,169.76839047714014,176.21791925324277,170.36554869703198,170.256065044738,37.163610349616334,180.60934352762652,165.49639727014753,1.8313490070024159
2024-03-27,AAPL,172.49551391601562,172.78415954350993,169.31055559917013,169.60914876354798,60273300,172.13719763356238,180.59126090254315,171.62166752358064,177.97853726776438,169.20106023000122,170.95279171103329,174.7448914522954,168.35503848083317,38.24027464703563,179.02580516387218,165.87562332322113,3.4736039443398
2024-03-28,AAPL,170.67410278320312,171.4205780589011,169.70866021166748,170.94283813483634,65672700,172.0217421917484,180.40635409217535,171.4982439983544,177.70262749784564,169.60914876354798,169.76839047714014,173.52065910891577,168.20576217934803,41.752873646406755,177.46264994609152,166.49125198833394,1.7119178472336216
2024-04-01,AAPL,169.2309112548828,170.4451788535061,168.68349304450714,170.38546326457012,46240500,172.02373364850217,180.11447520787584,171.29592022857543,177.41567988085444,170.94283813483634,169.20106023000122,174.89417408943874,172.12725037151972,40.710772349179585,176.12716400440496,166.99466676377756,1.7616858089989478
2024-04-02,AAPL,168.0465087890625,168.54415896803064,167.43937496323824,168.28538634231538,49329500,171.37778313750417,179.71618140989463,170.7485504310736,177.05762915385293,170.38546326457012,169.60914876354798,176.21791925324277,172.3362371923594,36.96699340875164,175.6443788859578,166.77377523238607,1.104784004792407
2024-04-03,AAPL,168.85269165039062,169.8778497555363,167.78772821512752,167.99673277562965,47691700,170.82539050417557,179.25306922536078,170.2482199482656,176.7022998841187,168.28538634231538,170.94283813483634,170.95279171103329,171.9580519129805,36.47055019387548,175.73532225046947,166.486757953006,2.0901215404087736
2024-04-04,AAPL,168.026611328125,171.11203328162168,168.026611328125,169.48968886138192,53704400,170.28494198136985,178.76574093970726,170.11030520519583,176.419452393031,167.99673277562965,170.38546326457012,169.76839047714014,172.0973925529764,40.89192236179307,175.73723322479142,166.40820936034837,3.0854219534966774
2024-04-05,AAPL,168.7830352783203,169.5892261323792,168.15599119757314,168.79298281447828,42055200,169.54244833749345,178.25652638798007,169.87079204324715,176.12037515465641,169.48968886138192,168.28538634231538,169.20106023000122,170.36554869703198,39.510022769459454,175.71176428842134,166.47747273008295,1.4332349348060518
2024-04-08,AAPL,167.65834045410156,168.40481571452685,167.4493358859462,168.23561647794648,37425500,169.27073081418476,177.7401402917697,169.57348739501066,175.81116893204035,168.79298281447828,167.99673277562965,169.60914876354798,174.7448914522954,38.39223789759164,175.70953799582864,166.48268445253555,0.9554798285806498
2024-04-09,AAPL,168.87261962890625,169.2806964440478,167.55883097808936,167.90717701117094,42451200,169.08460946758782,177.2360720952451,169.27052187067616,175.50120846455528,168.23561647794648,169.48968886138192,170.94283813483634,173.52065910891577,37.715117802004436,175.67330419795223,166.09691091437708,1.7218654659584445
2024-04-10,AAPL,166.9915008544922,168.29534195603523,166.3246514051182,168.00671152069506,49709300,168.96517459665722,176.77892468274092,169.0407381706796,175.2073066236196,167.90717701117094,168.79298281447828,170.38546326457012,174.89417408943874,38.07158148514407,175.56508472974843,165.7721778154144,1.970690550917027
2024-04-11,AAPL,174.21737670898438,174.63541624491384,167.36972023014152,167.5488670137579,91070300,168.7591464216782,176.3338928872388,168.76948886942108,174.906975658527,168.00671152069506,168.23561647794648,168.28538634231538,176.21791925324277,37.02198738248827,175.48750849505294,165.4088355601876,7.265696014772317
2024-04-12,AAPL,175.72027587890625,177.52176704196785,173.39127675717174,173.4410296238906,101593300,169.00896557058363,176.08423892019297,169.61885991568826,174.84948757873732,167.5488670137579,167.90717701117094,167.99673277562965,170.95279171103329,54.432659750236894,175.675229080846,165.35547868148598,4.13049028479611
2024-04-15,AAPL,171.87840270996094,175.7998881273465,171.68929323241036,174.53585255667426,73531800,169.42400449979405,175.91711706832587,170.51285857768573,174.8371881661074,173.4410296238906,168.00671152069506,169.48968886138192,169.76839047714014,56.82129610899506,176.17169353302796,165.2760446152683,4.110594894936128
2024-04-16,AAPL,168.58399963378906,172.94340539530876,167.47921549696915,170.94285690412892,73711200,169.68975155597542,175.76024244917957,170.5910400915845,174.68446929308865,174.53585255667426,167.5488670137579,168.79298281447828,169.20106023000122,47.939732084574075,175.66310488764492,165.4044298058347,5.464189898339612
2024-04-17,AAPL,167.21046447753906,169.84800441976404,167.21046447753906,168.81289870293196,50901200,169.77136814870565,175.39595837867742,170.26774165728403,174.45421162288642,170.94285690412892,173.4410296238906,168.23561647794648,169.60914876354798,43.5899840772863,175.28801326353403,165.30874538934717,2.6375399422249757
2024-04-18,AAPL,166.25494384765625,167.84743029154777,165.76725645436014,167.24029654336022,43122900,169.54642891690347,175.02586826876615,169.71729709111605,174.17131299231676,168.81289870293196,174.53585255667426,167.90717701117094,170.94283813483634,40.65683250445205,174.60148704248283,165.22988385579052,2.0801738371876297
2024-04-19,AAPL,164.2245635986328,165.6179780634261,163.3088890664717,165.42888374733738,67772100,169.21001901018937,174.54440110794596,168.93758557406537,173.82847262976856,167.24029654336022,170.94285690412892,168.00671152069506,170.38546326457012,37.524645783413845,173.48419562822448,165.2682717194583,2.309088996954415
2024-04-22,AAPL,165.06060791015625,166.47393259764522,163.9956444231876,164.74211969252124,48116400,168.86066933164685,174.07404925645955,168.1747735956028,173.472145063602,165.42888374733738,168.81289870293196,167.5488670137579,168.28538634231538,36.380305328946605,173.5698672965977,164.5615328492339,2.4782881744576173
2024-04-23,AAPL,166.11561584472656,166.26492000363532,164.14492548116624,164.57291251221173,49537800,168.52724288175094,173.61023968322675,167.51988976225897,173.12315555178276,164.74211969252124,167.24029654336022,173.4410296238906,167.99673277562965,36.08829318833296,173.70039915123547,163.91145319810332,2.119994522469085
2024-04-24,AAPL,168.22567749023438,168.50436038665487,165.4288858023208,165.7573215689687,48251800,168.3023038865783,173.1746961589132,167.19942281802437,172.83429931716262,164.57291251221173,165.42888374733738,174.53585255667426,169.48968886138192,39.734734729333155,173.6997874236551,163.5676910595804,3.0754745843340743
2024-04-25,AAPL,169.09158325195312,169.80820075027214,167.3597550998357,168.73327450279362,50558300,168.42074463548187,172.8514227580174,167.47830494252787,172.67347481463833,165.7573215689687,164.74211969252124,170.94285690412892,168.79298281447828,47.79436700884911,173.63661466099467,163.54327639616542,2.4484456504364402
2024-04-26,AAPL,168.5043487548828,170.53475474394267,168.38490238817732,169.081624768213,44838400,167.98480414991408,172.54407404088073,167.76981763810696,172.53261795007265,168.73327450279362,164.57291251221173,168.81289870293196,168.23561647794648,48.65989217945878,173.43402544481071,163.559744275687,2.149852355765347
2024-04-29,AAPL,172.68460083007812,175.20270935632288,172.28648678772151,172.55520693212748,68169400,167.78673958745944,172.34143047512754,168.63988841883796,172.53350379250617,169.081624768213,165.7573215689687,167.24029654336022,167.90717701117094,56.41890679708551,173.7927537729642,163.41799031428923,2.91622256860137
2024-04-30,AAPL,169.52951049804688,174.1676137755898,169.20105955998108,172.51541154910535,65934800,167.94399505195707,172.14057930772054,169.3445289879775,172.53279429276498,172.55520693212748,168.73327450279362,165.42888374733738,168.00671152069506,56.31390294827219,174.27280600978617,163.36094059814633,4.966554215608738
2024-05-01,AAPL,168.5043487548828,171.89832652202932,168.31523926242042,168.78303163206596,50383100,167.94100834487045,171.89752712239218,169.24243855962993,172.38574477665912,172.51541154910535,169.081624768213,164.74211969252124,167.5488670137579,47.40295675862527,174.29923169563412,163.41314479794195,3.5830872596089023
2024-05-02,AAPL,172.21682739257812,172.6049939419865,170.08688513916923,171.69926693100732,94214900,168.3869053836352,171.70981323059004,169.68913462715307,172.35882407682965,168.78303163206596,172.55520693212748,164.57291251221173,173.4410296238906,53.583190245830764,174.54468241636198,163.38865188417662,2.5181088028172667
2024-05-03,AAPL,182.51817321777344,186.1211554309572,181.8015557893833,185.7727942523785,163224100,170.42129643413926,171.7729146508067,172.61343637719403,172.8848621229296,171.69926693100732,172.51541154910535,165.7573215689687,174.53585255667426,71.18172763334061,179.01969285512888,160.61162258919978,4.319599641573916
2024-05-06,AAPL,180.8560333251953,183.3343214775735,179.5720873686165,181.4930249418685,78569700,172.096386959074,171.71996506504675,174.22790702531665,173.22243713543702,185.7727942523785,168.78303163206596,168.73327450279362,170.94285690412892,63.31957676161304,180.95371544235573,160.00334084836518,3.7622341089569886
2024-05-07,AAPL,181.54278564453125,184.0310366275269,180.46787458450643,182.5878540948052,77305800,173.89788111733338,171.7440514434785,175.7478974015873,173.58970838874558,181.4930249418685,171.69926693100732,169.081624768213,168.81289870293196,64.40275496831802,182.85640637198682,159.56871762709747,3.563162043020469
2024-05-08,AAPL,181.8811798095703,182.20963072654143,180.5972339353124,181.9906634485607,45057100,175.52121530529254,171.77888691726042,176.88294577376428,173.91915760677753,182.5878540948052,185.7727942523785,172.55520693212748,167.24029654336022,63.30462848193547,184.3536887616647,159.46983043020614,1.6123967912290311
2024-05-09,AAPL,183.70260620117188,183.792179594264,181.2541604804327,181.7020426329725,48983000,176.81809211831043,171.77988233251276,177.75914520271124,174.22436878427538,181.9906634485607,181.4930249418685,172.51541154910535,165.42888374733738,62.74776909244782,185.58712594671266,159.65171080707967,2.538019113831325
2024-05-10,AAPL,182.4368438720703,184.47000383075684,181.51992740382525,184.2806378369833,50759500,178.33799342518745,171.85713301602212,178.94487113621526,174.61873227653845,181.7020426329725,182.5878540948052,168.78303163206596,164.74211969252124,65.65459442347773,187.09151965584078,159.23127791926083,2.950076426931588
2024-05-13,AAPL,185.656005859375,186.4732663574828,184.0015628078464,184.8188233059542,72044800,179.56435506257014,171.97938598360125,180.01286243980414,175.01873584631946,184.2806378369833,181.9906634485607,171.69926693100732,164.57291251221173,66.2465890936526,188.50093626354266,158.8501583864869,2.471703549636402
2024-05-14,AAPL,186.8021697998047,187.66926595480425,185.6659889969534,186.8819036535792,52393600,181.00100427301754,172.21058099985876,181.26177902412687,175.48395811327083,184.8188233059542,181.7020426329725,185.7727942523785,165.7573215689687,68.48883126613106,190.3041033454354,158.6408959795392,2.003276957850858
2024-05-15,AAPL,189.08450317382807,190.0113806876588,186.74236879854,187.28056849688068,70400000,182.85075795949902,172.5570429313101,182.35610438280938,175.9465702851771,186.8819036535792,184.2806378369833,181.4930249418685,168.73327450279362,68.91850931732716,191.9377160538551,158.8540502505144,3.2690118891187865
2024-05-16,AAPL,189.2041015625,190.4598907547877,189.02471179656044,189.83199615864385,52845200,184.66403088226267,172.94856155358823,183.71535743296107,176.49109679001896,187.28056849688068,184.8188233059542,182.5878540948052,169.081624768213,71.58862970771858,193.75642689884336,159.2945093670545,1.4351789582272545
2024-05-17,AAPL,189.23399353027344,190.17084727488813,188.54630236847427,188.875198802712,41282900,184.97427133729602,173.3589647600258,184.65351040927942,176.97674784934026,189.83199615864385,186.8819036535792,181.9906634485607,172.55520693212748,69.18823507955173,194.93973782408938,160.45582994734593,1.6245449064138597
2024-05-20,AAPL,190.40008544921875,191.2771426664072,188.37688635675943,188.6958217839837,44361300,185.69455102150755,173.7687659521185,185.3884761137711,177.43631937618903,188.875198802712,187.28056849688068,181.7020426329725,172.51541154910535,68.72300024362349,195.69334676574297,162.09759121483856,2.900256309647773
2024-05-21,AAPL,191.7057037353516,192.08442053272117,190.28048580582157,190.4499145429012,42309400,186.48075706631712,174.13521923554615,186.3087376463402,177.9466564415503,188.6958217839837,189.83199615864385,184.2806378369833,168.78303163206596,70.79134073441922,196.34934455622852,164.02929362742196,1.8039347268995982
2024-05-22,AAPL,190.2605438232422,192.17412585880135,189.63266445026173,191.625965130265,34648500,187.44428723448758,174.52101379430428,187.27550627978107,178.48309991953911,190.4499145429012,188.875198802712,184.8188233059542,171.69926693100732,72.12243822560264,196.94099890132978,166.02450363845034,2.541461408539618
2024-05-23,AAPL,186.25401306152344,190.3602074339564,186.0048504863481,190.3402701697929,51005900,188.3081099881696,174.8886581594405,187.83273607796502,178.94808698817653,191.625965130265,188.6958217839837,186.8819036535792,185.7727942523785,68.4498891057768,197.30996830913045,167.81623379734958,4.3553569476083
2024-05-24,AAPL,189.3436279296875,189.9416242186365,187.41012383078692,188.1875250894915,36294600,188.69879871342044,175.21046081017082,187.89724317096983,179.31041789411046,190.3402701697929,190.4499145429012,187.28056849688068,181.4930249418685,62.69339155003597,197.07555388999594,169.96123824861195,2.531500387849576
2024-05-28,AAPL,189.3535919189453,192.3535037829733,188.4665737792376,190.8684893929941,52280100,189.3037653221244,175.62051962409004,188.43746975679244,179.76367559994904,188.1875250894915,191.625965130265,189.83199615864385,182.5878540948052,66.47469415345225,197.3650012328178,171.50311915187677,3.8869300037356993
2024-05-29,AAPL,189.652587890625,191.6060292626522,188.8752018363686,188.97487295416656,53068000,189.51306225218315,175.9051192541275,188.53517942904227,180.12489902560463,190.8684893929941,190.3402701697929,188.875198802712,181.9906634485607,61.71649530568637,197.0981926866621,173.4158738385386,2.7308274262836107
2024-05-30,AAPL,190.6492462158203,191.53626445370173,189.99146851693155,190.1210227262773,49947900,189.7971076751228,176.23712652647473,188.8235145739941,180.5169038766114,188.97487295416656,188.1875250894915,188.6958217839837,181.7020426329725,63.423078372148446,195.60364674731224,177.04421888730954,1.5447959367701856
2024-05-31,AAPL,191.60601806640625,191.92495345858123,189.2738600399137,190.79873376551856,75158300,189.89378143581027,176.55521771999634,189.18264533608942,180.92011289186266,190.1210227262773,190.8684893929941,190.4499145429012,184.2806378369833,64.43269065694619,193.88903418631762,180.66877813175532,2.6510934186675286
2024-06-03,AAPL,193.38006591796875,194.33685694398167,191.8751293663799,192.25384615761888,50080500,190.23164617130095,176.8759362580838,189.74104548545841,181.36457301993153,190.79873376551856,188.97487295416656,191.625965130265,184.8188233059542,66.56654788623797,194.51454925011686,180.69136825848008,2.4617275776017777
2024-06-04,AAPL,193.6989898681641,194.66574186569684,192.38340418619828,193.9880117607724,47471400,190.76086516897982,177.3366406590786,190.5132211718791,181.85960983329784,192.25384615761888,190.1210227262773,190.3402701697929,186.8819036535792,68.95688089845389,195.07579968096903,181.37961650951834,2.2823376794985677
2024-06-05,AAPL,195.21389770507807,196.24044634116564,194.2172473626493,194.7454708275224,54156800,191.19042079744196,177.8361822660862,191.28272110926878,182.3649377154243,193.9880117607724,190.79873376551856,188.1875250894915,187.28056849688068,69.96690235590212,195.7314527282352,181.93972513552384,2.023198978516348
2024-06-06,AAPL,193.8285675048828,195.8418055915052,193.51960831096957,195.0345211925245,41181800,191.5312764036679,178.3528514853367,191.96486657895161,182.86178412629096,194.7454708275224,192.25384615761888,190.8684893929941,189.83199615864385,70.36317668306609,196.1335523921126,182.84201124604286,2.322197280535619
2024-06-07,AAPL,196.23046875,196.28030430445065,193.4896805396524,193.99796669662615,53103900,191.89704605635126,178.84062784399828,192.33452114580155,183.29849716826487,195.0345211925245,193.9880117607724,188.97487295416656,188.875198802712,66.95156312948063,195.9846844149353,184.2204716295855,2.790623764798255
2024-06-10,AAPL,192.4730987548828,196.6391048667748,191.50634675889475,196.2404356269631,97262100,192.7023371100984,179.34657979384082,193.04468741510362,183.8060241666452,193.99796669662615,194.7454708275224,190.1210227262773,188.6958217839837,70.30587822242913,196.52503953362404,184.87609628989472,5.132758107880051
2024-06-11,AAPL,206.45611572265625,206.46609195915696,192.9814138224934,193.00133588013964,172373300,192.91562175881296,179.7988972461522,193.03680531783743,184.1666246259979,196.2404356269631,195.0345211925245,190.79873376551856,190.4499145429012,60.719325923292544,196.34368410990234,185.875702971035,13.484678136663547
2024-06-12,AAPL,212.35630798339844,219.46241499269527,206.20696163392407,206.6753885384406,198134300,194.68567331724034,180.5666972900747,195.51654772158344,185.04932125001528,193.00133588013964,193.99796669662615,192.25384615761888,191.625965130265,75.75131837493637,200.3673885593886,183.8313470100349,13.255453358771206
2024-06-13,AAPL,213.5223693847656,216.02395620562416,210.89121315624297,214.02069454325613,97862700,197.07564049893824,181.48717652542723,198.88093805279664,186.18545353602474,206.6753885384406,196.2404356269631,193.9880117607724,190.3402701697929,80.1464602228123,205.79252932142364,181.0802188526374,5.13274304938119
2024-06-14,AAPL,211.7782287597656,214.44924427717245,210.59221246372425,213.13367378271624,70122700,199.309134500658,182.36005622385395,201.47234454914565,187.2422464868754,214.02069454325613,193.00133588013964,194.7454708275224,188.1875250894915,78.30076767291027,209.5092849522604,179.69363098420789,3.8570318134482022
2024-06-17,AAPL,215.94422912597656,218.21659070332572,212.0074632920053,212.65527993528357,93728300,201.3492778784245,183.23730216627,203.50560552844343,188.2388360338718,213.13367378271624,206.6753885384406,195.0345211925245,190.8684893929941,77.26727572343695,212.38017183294502,179.20075221678044,6.209127411320424
2024-06-18,AAPL,213.5721893310547,217.8976632564161,212.28651711595563,216.86113841241476,79943300,203.6365905435887,184.20981260495938,205.93388423462,189.3612792644029,212.65527993528357,214.02069454325613,193.99796669662615,188.97487295416656,79.79253857103923,215.80016644486852,178.59728926770003,5.611146140460477
2024-06-20,AAPL,208.9776306152344,213.5223688231627,208.1504242370716,213.21339445126264,86172500,205.4833829059627,185.11593695376123,207.25743154673683,190.29665633055424,216.86113841241476,213.13367378271624,196.2404356269631,190.1210227262773,72.29188621977316,217.90770588197586,178.76609782142884,5.371944586091104
2024-06-21,AAPL,206.79498291015625,211.1802382889184,206.41625091745036,209.6852627905662,246421400,206.9484570657669,185.94950797915862,207.69885540925122,191.05699383879002,213.21339445126264,212.65527993528357,193.00133588013964,190.79873376551856,65.8448016380431,219.15229282837697,179.32744064105782,4.763987371468033
2024-06-24,AAPL,207.44281005859372,211.9875333707341,205.89799892378585,207.02421872275744,80727000,208.25108226838,186.73901501333864,207.57619419352505,191.68315952051424,209.6852627905662,216.86113841241476,206.6753885384406,192.25384615761888,61.39731017492863,219.82247764075248,180.32565068397878,6.0895344469482495
2024-06-25,AAPL,208.36968994140625,210.67194975002215,207.91122410230184,208.44940858434205,56713900,209.47197956411793,187.43918259254767,207.73496044640086,192.3406594838016,207.02421872275744,213.21339445126264,214.02069454325613,193.9880117607724,62.84480979783196,220.36579190634475,181.8085247678716,2.7607256477203066
2024-06-26,AAPL,212.5356903076172,214.1402980033581,209.9344322470105,210.79155216910212,66213200,211.2510011930142,188.16429658479626,208.29070439598289,193.064223902833,208.44940858434205,209.6852627905662,213.13367378271624,194.7454708275224,65.1570916248463,221.2052162169297,182.96140673489745,4.205865756347606
2024-06-27,AAPL,213.3828582763672,215.01736433595823,211.63872006367092,213.97087836680484,49772700,211.98055017585062,189.02485701404973,209.3234632997687,193.8840927053417,210.79155216910212,207.02421872275744,212.65527993528357,195.0345211925245,68.06263041147449,222.12927771942427,184.5369457736667,3.3786442722873176
2024-06-28,AAPL,209.9144744873047,215.34623061165476,209.5955543096767,215.0472324898511,82542700,212.0832039705101,189.94954368978813,210.3641486070564,194.71401975571462,213.97087836680484,208.44940858434205,216.86113841241476,193.99796669662615,69.00497353000765,223.00806737347702,186.15077709597134,5.750676301978075
2024-07-01,AAPL,216.02395629882807,216.78140506529675,211.2101334408119,211.37956216985052,60402900,211.9077928092235,190.83232900231792,210.5487692548371,195.3675704386219,215.0472324898511,210.79155216910212,213.21339445126264,196.2404356269631,62.26338219074524,223.1197789214304,188.0971483884511,5.571271624484865
2024-07-02,AAPL,219.53216552734372,219.64179766849512,214.3794853085834,215.4259559559557,58046200,212.18486041129077,191.8322704464903,211.4355304732223,196.15417379224283,211.37956216985052,213.97087836680484,209.6852627905662,193.00133588013964,66.18814620888587,223.64558107433388,189.88855721538138,5.262312359911704
2024-07-03,AAPL,220.80789184570312,220.80789184570312,218.29632866276663,219.26308073535037,37369800,212.42505464358428,192.9226896673469,212.85872142997283,197.06040543707059,215.4259559559557,215.0472324898511,207.02421872275744,206.6753885384406,69.43455874192439,224.67609439808317,191.38555078908982,2.5115631829364986
2024-07-05,AAPL,225.5818328857422,225.6914650307592,220.90754038733803,220.90754038733803,60412400,213.19446923719184,194.0493822248494,214.3221430585847,197.99558719982616,219.26308073535037,211.37956216985052,208.44940858434205,214.02069454325613,70.73154823300602,225.71214788426323,192.96570425889132,4.783924643421159
2024-07-08,AAPL,227.056884765625,227.08678305881676,222.50218547217585,226.32931907748747,59085900,214.85887486588393,195.2608221750198,216.50526597111246,199.1067139401266,220.90754038733803,215.4259559559557,210.79155216910212,213.13367378271624,74.56385546608334,227.48981198866898,194.3175199429819,4.5845975866409105
2024-07-09,AAPL,227.9139862060547,228.631575647805,225.6117264169712,227.1664984715379,48076100,216.87310284076202,196.42948665439465,218.44367188028073,200.20709764724077,226.32931907748747,219.26308073535037,213.97087836680484,212.65527993528357,75.10587979281344,228.6814639925553,196.44272111658674,3.0198492308337848
2024-07-10,AAPL,232.19960021972656,232.29927134034503,228.48209857735924,228.5319341376685,62627700,218.88135539609465,197.61849284178376,220.27790138162396,201.31787554882615,227.1664984715379,220.90754038733803,215.0472324898511,216.86113841241476,76.00401849047867,229.8971826707854,198.45615228942717,3.8171727629857912
2024-07-11,AAPL,226.80772399902344,231.61157070495585,225.0137503547776,230.61492037011672,64710600,220.8636922161961,198.77968711054356,222.15735937953173,202.46677926730814,228.5319341376685,226.32931907748747,211.37956216985052,213.21339445126264,77.34671440389661,230.10551663595214,202.00917677325816,6.597820350178239
2024-07-12,AAPL,229.76776123046875,231.86073301422448,227.91399100155516,228.1531925563972,53046500,222.28192363515535,199.8924427306894,223.24751086623453,203.47408959237046,230.61492037011672,227.1664984715379,215.4259559559557,209.6852627905662,72.20459340603637,231.42794237681326,202.83453143419266,3.9467420126693185
2024-07-15,AAPL,233.6148376464844,236.43535998230436,232.3092281117703,235.68787221439837,62631300,224.34598760761008,201.23053954233603,225.50939474771883,204.73737518539116,228.1531925563972,228.5319341376685,219.26308073535037,207.02421872275744,77.20069700565767,234.5435813512763,201.88561022684385,4.126131870534067
2024-07-16,AAPL,234.03343200683597,235.47857190808813,231.5517672716992,234.2128217621178,43234300,226.6293135668368,202.48081063895825,227.0918360230641,205.89327505114517,235.68787221439837,230.61492037011672,220.90754038733803,208.44940858434205,74.38197106431629,236.82469051563683,201.71241586042353,3.926804636388937
2024-07-17,AAPL,228.1133270263672,230.68468664215072,225.88082486496336,228.68140979310064,57345900,227.95485895055126,203.3389829497727,227.38084943579798,206.78692739396695,234.2128217621178,228.1531925563972,226.32931907748747,210.79155216910212,64.82370157539648,237.80747188645788,202.3322474753841,4.803861777187365
2024-07-18,AAPL,223.4290771484375,229.66811832325195,221.5254864612201,229.50865061099643,66034600,228.9794159381159,204.2992954631553,227.76772237674314,207.67797536326222,228.68140979310064,235.68787221439837,227.1664984715379,213.97087836680484,65.5369582237363,238.83458945445554,202.56988112724466,8.142631862031834
2024-07-19,AAPL,223.55862426757807,226.0402889661169,222.5320756847993,224.06692564873424,49151500,229.29535446425552,205.12887689423383,227.09485024437788,208.32067929602584,229.50865061099643,234.2128217621178,228.5319341376685,215.0472324898511,57.30542484183716,239.09573695592897,203.39408674551842,3.5082132813175804
2024-07-22,AAPL,223.20980834960935,227.01700459563804,222.34271224556247,226.24957960487183,48201800,229.28738051699392,206.01405521736007,226.94116467355857,209.0237734257845,224.06692564873424,228.68140979310064,230.61492037011672,211.37956216985052,59.5025515677009,239.2251664509702,204.92108893190775,4.674292350075575
2024-07-23,AAPL,224.25628662109372,226.1798296775016,221.93408951337017,223.61843101438217,39960300,228.93257377127838,206.85238298498825,226.33703128098102,209.59611293906283,226.24957960487183,229.50865061099643,228.1531925563972,215.4259559559557,55.77625888965433,238.60705477915607,207.19862183288436,4.245740164131433
2024-07-24,AAPL,217.80796813964844,224.04700927387208,216.40270265661363,223.24968592545983,61777600,228.40434895005757,207.6317639467578,225.77569576179533,210.13154717382352,223.61843101438217,224.06692564873424,235.68787221439837,219.26308073535037,55.254018096069075,237.87927263089117,209.40643171526105,7.644306617258451
2024-07-25,AAPL,216.7614898681641,220.11023564894725,213.9010930254534,218.19665359620475,51391200,227.1625222726663,208.2993205525628,224.3976880953243,210.44782585705417,223.24968592545983,226.24957960487183,234.2128217621178,220.90754038733803,48.54612006148118,237.2429351197119,210.7832793691506,6.209142623493847
2024-07-26,AAPL,217.2299041748047,218.75477790382115,215.2864239407029,217.96741565742545,41601300,226.14394458276917,208.92103079263973,223.22854765206995,210.74271173157854,218.19665359620475,223.61843101438217,228.68140979310064,226.32931907748747,48.25988163194518,236.94122651970267,211.4846416982219,3.468353963118261
2024-07-29,AAPL,217.50897216796875,218.5654190781,215.0273073866339,216.23326096996,36311800,224.19848345832534,209.5000846421013,221.95667734623177,210.95802738798565,217.96741565742545,223.24968592545983,229.50865061099643,227.1664984715379,46.047959530373646,236.83919142947266,211.70527963646268,3.5381116914660993
2024-07-30,AAPL,218.0670928955078,219.59196666736065,215.3960621319004,218.45578591171196,41643800,222.6227798732847,210.07256043716265,221.32015163086453,211.25205713401414,216.23326096996,218.19665359620475,224.06692564873424,228.5319341376685,49.257889760957966,236.06937067029338,213.18272276982816,4.195904535460244
2024-07-31,AAPL,221.3361053466797,223.07028238181744,219.8909654212368,220.6982497488722,50036300,221.8244638688619,210.70902145608588,221.20707856141138,211.622496060087,218.45578591171196,217.96741565742545,226.24957960487183,230.61492037011672,52.339047443994716,235.69840213226075,214.08092068715246,3.1793169605806213
2024-08-01,AAPL,217.62857055664065,223.72806581879624,216.29306274041448,223.61843367222977,62501000,221.2354421749852,211.40747369385076,221.64550676337836,212.0929249860534,220.6982497488722,216.23326096996,223.61843101438217,228.1531925563972,56.07916639919562,235.62554233747935,214.58931577562177,7.4350030783817544
2024-08-02,AAPL,219.12355041503903,224.84432899946663,216.98075820790515,218.41592196270943,105568600,220.67034180638274,211.96679384224694,221.05830952689308,212.34088565180463,223.61843367222977,218.45578591171196,223.24968592545983,235.68787221439837,48.74074856152212,235.75299510912316,214.2127011615151,7.863570791561472
2024-08-05,AAPL,208.5690155029297,212.7848420736874,195.34346157584417,198.42310739676373,119548600,217.88769458557195,212.1027366875769,216.9428182305059,211.79509042611676,218.41592196270943,220.6982497488722,218.19665359620475,234.2128217621178,31.617811824679492,239.36504902026576,207.81002608230017,17.441380497843227
2024-08-06,AAPL,206.53585815429688,209.28662299148328,200.39650324752452,204.612330181792,69660500,215.98708450231294,212.38817788781694,214.7009113125579,211.51341355379031,198.42310739676373,223.61843367222977,217.96741565742545,228.68140979310064,38.78709757455737,240.15991020358055,204.75974807001072,8.890119743958763
2024-08-07,AAPL,209.1171875,212.9243839975228,205.69866882998735,206.2069550428707,63516400,214.282811414054,212.74856648688447,213.15655562716023,211.3053171415974,204.612330181792,218.41592196270943,216.23326096996,229.50865061099643,40.517430671043584,240.15224611798,202.53491424613148,7.225715167535441
2024-08-08,AAPL,212.5954742431641,213.4824924067945,208.13048513245965,212.39614722358988,47161100,213.7027607767925,213.17911964349642,213.0182995537838,211.34809479187166,206.2069550428707,198.42310739676373,218.45578591171196,224.06692564873424,46.80286258806185,239.12131292941336,201.7439701200455,5.352007274334852
2024-08-09,AAPL,215.51568603515625,216.05387055494424,211.259984607228,211.38955402452132,42201600,213.04497461350212,213.62741326490348,212.7221640030088,211.34972064413245,212.39614722358988,204.612330181792,220.6982497488722,226.24957960487183,45.952394041621694,238.32652696307815,200.86239223319313,4.793885947716234
2024-08-12,AAPL,217.0522918701172,219.02793942662467,215.12653755613,215.59550663031672,38028100,212.98119917953778,214.1369029429843,213.2445899352466,211.51622205535537,211.38955402452132,206.2069550428707,223.61843367222977,223.61843101438217,50.037689055371935,235.8598168619777,201.31986577588546,3.9014018704946807
2024-08-13,AAPL,220.78407287597656,221.40270642093424,218.5290263212716,218.5290263212716,44155300,212.98852322049373,214.69150879409935,214.2053965508875,211.7912339873521,215.59550663031672,212.39614722358988,218.41592196270943,223.24968592545983,52.721897958409826,233.52116862302324,202.09013447075517,2.8736800996626357
2024-08-14,AAPL,221.23309326171875,222.54021400164925,219.21752501736543,220.08562480803565,41960600,212.92726072641008,215.24814436710767,215.27452896127807,212.1165042156142,218.5290263212716,211.38955402452132,198.42310739676373,218.19665359620475,54.13012799232153,232.32985286549007,202.42187172978197,3.3226889842838148
2024-08-15,AAPL,224.22650146484372,224.8551228159093,222.27079905335071,224.10676986474732,46414000,212.97609434566183,215.85051952918718,216.880390943727,212.58671071165864,220.08562480803565,215.59550663031672,204.612330181792,217.96741565742545,57.64026913869845,231.3518253861228,202.85971113452422,2.584323762558597
2024-08-16,AAPL,225.5535888671875,226.33187474025672,223.15885022096825,223.42826155403992,44340200,213.4773283047949,216.42417534371754,218.07091287287477,213.01186956822264,224.10676986474732,218.5290263212716,206.2069550428707,216.23326096996,56.84974400862313,231.26007157433656,202.8875985368411,3.173024519288475
2024-08-19,AAPL,225.39393615722656,225.4937226434457,222.5501887780633,225.2243113108782,40687800,216.15744869620636,217.0279711460846,219.37153077069354,213.49078885224836,223.42826155403992,220.08562480803565,212.39614722358988,218.45578591171196,58.47329174658893,231.0826566280424,202.96248665373588,2.943533865382392
2024-08-20,AAPL,226.0125732421875,226.6711275207631,224.95490346311303,225.27420804373648,30299000,218.2236364824008,217.6534959730268,220.4447448203377,213.9528837225028,225.2243113108782,224.10676986474732,211.38955402452132,220.6982497488722,58.51998552466139,231.33825908541382,202.87246189929988,1.7162240576500665
2024-08-21,AAPL,225.90280151367188,227.47933353511343,224.5557753561492,226.02254833732331,34765500,220.20519581184604,218.249138227234,221.45889091433506,214.42620390347616,225.27420804373648,223.42826155403992,215.59550663031672,223.61843367222977,59.25987285682427,231.7647203827104,202.72328684318964,2.923558178964214
2024-08-22,AAPL,224.03692626953125,227.8385569948794,223.4083048904395,227.2897617611708,43695300,221.69455726560415,218.93490674485466,222.51904925012337,214.93065715279752,226.02254833732331,225.2243113108782,218.5290263212716,218.41592196270943,60.543333059154506,232.86527737543247,202.53204066696418,4.430252104439916
2024-08-23,AAPL,226.3418426513672,227.7188169640382,223.8373602369176,225.16444130741013,38677300,223.07204599389303,219.30468780023406,223.0000296241755,215.33198202160585,227.2897617611708,225.27420804373648,220.08562480803565,198.42310739676373,57.28382984985089,233.57113340632094,202.54588720107415,3.8814567271206215
2024-08-26,AAPL,226.68109130859372,226.7808777924977,223.39832305195915,226.2620154817008,30602200,224.13869687903144,219.54951421900293,223.59311796190735,215.76061078474683,225.16444130741013,226.02254833732331,224.10676986474732,204.612330181792,58.525650315575724,234.4479595086523,202.67193654991686,3.382554740538552
2024-08-27,AAPL,227.5292205810547,228.3474270817302,224.39611696496783,225.5036798955901,35934600,224.83616223646328,219.7969143412604,223.94049285894056,216.1426919263485,226.2620154817008,227.2897617611708,223.42826155403992,206.2069550428707,57.28648033057827,235.08556421244148,202.73912124451553,3.9513101167623574
2024-08-28,AAPL,225.99261474609372,229.35520907583677,225.18438078371824,227.4194670399241,38052200,225.56954645965212,220.09219808335322,224.57303361911937,216.5849184013907,225.5036798955901,225.16444130741013,225.2243113108782,212.39614722358988,59.61294937224229,235.83025166806678,202.66655551799536,4.170828292118529
2024-08-29,AAPL,229.28536987304688,232.4085012026452,228.37737982242845,229.59470189609323,51906300,226.11833966278672,220.34686935302682,225.4860642149328,217.09510598941824,227.4194670399241,226.2620154817008,225.27420804373648,211.38955402452132,62.13478038246524,236.6407910278537,202.45364298059485,4.031121380216746
2024-08-30,AAPL,228.49710083007807,229.89402024722435,226.98043458769095,229.6844899472923,52990800,226.74396250211194,220.6762912629474,226.2494143480891,217.58880732109958,229.59470189609323,225.5036798955901,226.02254833732331,215.59550663031672,62.239591560027904,237.7519991357305,202.46929167117634,2.913585659533396
2024-09-03,AAPL,222.28077697753903,228.49709095305272,220.684284662428,228.0480822473274,50190600,227.02633959575687,221.0435476520826,226.5764448752233,217.9989749652654,229.6844899472923,227.4194670399241,227.2897617611708,218.5290263212716,59.032467855406786,236.4570106921152,206.726777599848,7.812806290624707
2024-09-04,AAPL,220.3650054931641,221.29295584608855,217.0023958735564,221.17322424578344,43840200,226.61624121596157,221.32652776254312,225.59404112441604,218.1234553292073,228.0480822473274,229.59470189609323,225.16444130741013,220.08562480803565,47.871894758456456,235.09286259322744,209.7470151051349,4.290559972532151
2024-09-05,AAPL,221.89163208007807,224.98481497811864,221.03352013282225,221.14327916881817,36615400,226.12831429911108,221.58040517423265,224.78481167794368,218.24187979350577,221.17322424578344,229.6844899472923,226.2620154817008,224.10676986474732,47.82947798959523,233.46849576497098,212.8650143459861,3.9512948452963883
2024-09-06,AAPL,220.3350830078125,224.74537478911404,219.2873857797809,223.4581991238727,48423000,225.74515803538125,221.83373811332802,224.54360939538532,218.4464413358731,221.14327916881817,228.0480822473274,225.5036798955901,223.42826155403992,51.41347802650838,232.75965637825755,214.68005892272777,5.457989009333147
2024-09-09,AAPL,220.42486572265625,220.7840757397734,216.23409233980905,220.33506702469683,67180000,225.26222060710992,221.9610218864859,223.77841987344195,218.520505088376,223.4581991238727,221.17322424578344,227.4194670399241,225.2243113108782,46.7475236112165,231.43361959199765,216.9006470090052,4.549983399964361
2024-09-10,AAPL,219.6266326904297,220.9936192587632,216.2540503959821,218.4392435287618,51591000,224.479943411816,222.0288621072641,222.80766053804555,218.517318360548,220.33506702469683,221.14327916881817,229.59470189609323,225.27420804373648,44.129436343560805,230.98675544064457,217.63188485020277,4.739568862781113
2024-09-11,AAPL,222.1710205078125,222.6000688776049,217.4114916314568,220.9736588702828,44587100,224.02694130928526,222.22074404127278,222.4742056893614,218.61364543936114,218.4392435287618,223.4581991238727,229.6844899472923,226.02254833732331,48.29809757586189,230.76174511341716,218.10135843233135,5.1885772461481
2024-09-12,AAPL,222.28077697753903,223.059062794204,219.33725854525207,222.01136566399225,37498200,223.4861311716921,222.35245223543347,222.3900529574761,218.74688936973885,220.9736588702828,220.33506702469683,228.0480822473274,227.2897617611708,49.94490712542808,230.64570665290043,218.40997097844368,3.7218042489519405
2024-09-13,AAPL,222.01138305664065,223.5479944694599,221.42268236911949,223.08901316997165,36766600,222.83556229907995,222.42897088412593,222.51713663247526,218.9171687344539,222.01136566399225,218.4392435287618,221.17322424578344,225.16444130741013,51.66665845053806,230.62483944953408,218.32906251233254,2.125312100340409
2024-09-16,AAPL,215.84495544433597,216.7429728995392,213.4502168549942,216.0644583037111,59357400,221.4735591347218,222.33210924245338,221.34392239088177,218.80529773716987,223.08901316997165,220.9736588702828,221.14327916881817,226.2620154817008,41.61758922719057,231.26336306769016,216.95415856914352,3.2927560445450013
2024-09-17,AAPL,216.31390380859372,216.42366284814068,214.0289395447448,215.27619443719672,45519300,220.19637035370874,222.11104674964758,220.24069912657538,218.6669015293278,216.0644583037111,222.01136566399225,223.4581991238727,225.5036798955901,40.66184853875696,231.70781335154604,215.51489659791955,2.3947233033958923
2024-09-18,AAPL,220.20535278320312,222.22092099435915,217.0622612537557,217.0722490372817,59894900,219.7862728328586,221.90916176096246,219.66461729215834,218.60436613748286,215.27619443719672,223.08901316997165,220.33506702469683,227.4194670399241,43.82719923601945,231.73816994176235,214.66434410705773,5.15865974060344
2024-09-19,AAPL,228.3673858642578,229.3153117998868,224.1367068474718,224.49591687958383,66781300,220.12153660393514,221.82844141580074,220.54303539896296,218.83540734305546,217.0722490372817,216.0644583037111,218.4392435287618,229.59470189609323,54.60599017087325,231.5865368829252,214.663314020121,5.178604952415014
2024-09-20,AAPL,227.6988525390625,232.5781131211396,227.12012443578536,229.46496974860835,318679900,220.7222136664087,221.8054424033706,222.16520528071666,219.25225292758697,224.49591687958383,215.27619443719672,220.9736588702828,229.6844899472923,60.121911595164875,231.95845591999807,214.50891578179187,5.457988685354252
2024-09-23,AAPL,225.97265625,228.94610768522745,225.31410200503296,226.8407407931877,54146000,221.3727810432578,221.77919336810638,223.01530264662048,219.5498406870223,229.46496974860835,217.0722490372817,222.01136566399225,228.0480822473274,56.235549549962855,232.14643726757757,214.4885643827901,3.6320056801944816
2024-09-24,AAPL,226.8706817626953,228.8463445678705,225.2342838755063,228.147869614878,43556100,222.34364365186943,221.628393316116,223.94849664084913,219.88701829203626,226.8407407931877,224.49591687958383,223.08901316997165,221.17322424578344,57.70220974604011,232.403290262761,214.42029680092452,3.612060692364196
2024-09-25,AAPL,225.8728790283203,226.79085685048213,223.52804884217397,224.43603888049125,42308700,222.68988165289025,221.43285765848347,224.03714068442042,220.0654112562894,228.147869614878,229.46496974860835,216.0644583037111,221.14327916881817,52.33829291013005,232.3121946415078,214.4046283206677,3.2628080083081556
2024-09-26,AAPL,227.02035522460935,227.99819881641105,224.9149883158055,226.80083714120576,36636700,223.1688288006116,221.39524620544555,224.53963094929045,220.3295456047175,224.43603888049125,226.8407407931877,215.27619443719672,223.4581991238727,55.19587186327133,232.2290545821996,214.42590539010413,3.08321050060556
2024-09-27,AAPL,227.2897491455078,229.01596089620384,226.80083496693396,227.9582911728241,34026000,223.65575660089684,221.36423901668206,225.16120553538747,220.62871209758444,226.80083714120576,228.147869614878,217.0722490372817,220.33506702469683,56.56842314807187,231.9430452781601,214.54827362181672,2.215125929269874
2024-09-30,AAPL,232.4883270263672,232.4883270263672,229.14567760776436,229.53482055042812,54541900,225.00279282556852,221.473596914716,225.95640826539483,220.97797125259794,227.9582911728241,224.43603888049125,224.49591687958383,218.4392435287618,58.4361333547435,231.91361822072594,214.5627337395644,3.342649418602832
2024-10-01,AAPL,225.71324157714844,229.14567442683443,223.24866456606327,229.01597026460064,63285000,226.37677040830894,221.52892472791055,226.5126922652504,221.29318690012747,229.53482055042812,226.80083714120576,229.46496974860835,220.9736588702828,57.55884842910475,232.0788096689488,214.49433109306887,5.897009860771163
2024-10-02,AAPL,226.281982421875,226.8706831083472,222.5302449869956,225.39393750024195,32880600,227.20893925460496,221.56443485762776,226.3092823079761,221.45400064915157,229.01597026460064,227.9582911728241,226.8407407931877,222.01136566399225,51.721382992331435,232.27942136576067,214.71579072170286,4.34043812135161
2024-10-03,AAPL,225.1744079589844,226.3119038145279,222.82957789090327,224.6455731013804,34044200,227.22390487678462,221.5923526011462,226.00678972495868,221.57916035316055,225.39393750024195,229.53482055042812,228.147869614878,223.08901316997165,50.57998693924987,232.39926727313113,214.9461742075886,3.482325923624643
2024-10-04,AAPL,226.30194091796875,227.49930262356304,223.63780617480535,227.39951613756347,37245100,227.0173595156801,221.77640985197334,226.26001270906863,221.80740959960775,224.6455731013804,229.01597026460064,224.43603888049125,216.0644583037111,54.55449757634804,232.74480047679882,214.99477270529005,3.8614964487576913
2024-10-07,AAPL,221.20315551757807,225.1943712346882,220.84394549402705,224.0069821228032,39505400,226.7339836486417,221.8972011812809,225.8503707842931,221.89366734561543,227.39951613756347,225.39393750024195,226.80083714120576,215.27619443719672,49.295072652978234,232.77897446956513,215.32779022233433,4.350425740661137
2024-10-08,AAPL,225.27420043945312,225.4837307412941,222.7597302404025,223.8074274254469,31855700,226.29993942969858,222.04868451039064,225.4789265372301,221.96871676051077,224.0069821228032,224.6455731013804,227.9582911728241,217.0722490372817,48.99585345506661,232.66182581871504,215.9817572628529,2.7240005008916057
2024-10-09,AAPL,229.03591918945312,229.24546472466872,224.3362709632568,224.7353864657012,33591100,226.32987418821958,222.17427652147043,225.34373743331577,222.07721361169473,223.8074274254469,227.39951613756347,229.53482055042812,224.49591687958383,50.50051277212022,232.7078581284215,216.3118977126884,4.909193761411927
2024-10-10,AAPL,228.5370178222656,228.99601435408127,226.67112924406288,227.27979028338345,28183500,226.37776950243733,222.30590733216064,225.69574704241896,222.28123622627075,224.7353864657012,224.0069821228032,229.01597026460064,229.46496974860835,54.466956428884984,232.9717921050606,216.5748061979884,2.3248851100183856
2024-10-11,AAPL,227.05029296875,228.9062089337624,226.8407474391105,228.79644988971887,31759200,226.4615853741268,222.40946765651043,226.25951119647348,222.53673480130794,227.27979028338345,223.8074274254469,225.39393750024195,226.8407407931877,56.69452050875694,233.3988941793094,216.71844779571435,2.065461494651913
2024-10-14,AAPL,230.79205322265625,231.22110160659443,228.09798564307096,228.19775690140835,39882100,226.32787900922486,222.60510435528442,226.61191950646165,222.75873566797856,228.79644988971887,224.7353864657012,224.6455731013804,228.147869614878,55.53945693217307,233.00555071364514,218.32512112114827,3.1231159635234746
2024-10-15,AAPL,233.33645629882807,236.9684620133565,231.85969551276995,233.0969778733182,64751400,226.73597977009658,223.2985817648155,227.79102102770827,223.16415693093305,228.19775690140835,227.27979028338345,227.39951613756347,224.43603888049125,62.3070266646022,232.89372140492296,220.21902877348256,5.10876650058654
2024-10-16,AAPL,231.27099609375,231.61024577942743,229.33525401328015,231.09139869260775,34082200,227.3057258893332,223.8281631350318,228.39108969405362,223.47502915688108,233.0969778733182,228.79644988971887,224.0069821228032,226.80083714120576,58.38883856817142,232.1888791019868,222.32578604195135,2.2749917661472807
2024-10-17,AAPL,231.6401824951172,233.3364614020046,230.0137723986246,232.9173703418766,32993800,228.1329056133828,224.36237144101193,229.2140498118396,223.84531704648876,231.09139869260775,228.19775690140835,223.8074274254469,227.9582911728241,60.80548151023105,233.0162947699502,222.34051572021718,3.322689003379992
2024-10-18,AAPL,234.48391723632807,235.66131853389135,233.4960858911256,235.66131853389135,46431500,228.95908585301558,224.82767486721798,230.38628048857626,224.3086896538379,232.9173703418766,233.0969778733182,224.7353864657012,229.53482055042812,64.17278500330514,234.32984200178282,221.64660336691293,2.1652326427657442
2024-10-21,AAPL,235.96067810058597,236.32987592195377,233.9351372634737,233.9351372634737,36254500,229.95190136708266,225.27858653199704,231.03152717492122,224.68619740323538,235.66131853389135,231.09139869260775,227.27979028338345,229.01597026460064,60.643118835106314,235.16369368487076,221.52219133085364,2.3947386584800654
2024-10-22,AAPL,235.342041015625,235.70125104779564,232.08920560922664,233.376366009758,38846600,230.90879522551376,225.63420371958583,231.4578615085279,225.02698832898136,233.9351372634737,232.9173703418766,228.79644988971887,225.39393750024195,59.50221712269557,235.76737888813867,221.4413557670736,3.612045438568998
2024-10-23,AAPL,230.25323486328125,234.62362105235997,227.25982300232985,233.56595129753524,52287000,231.79185170869718,225.93494221911112,231.84115056107467,225.36184962186584,233.376366009758,235.66131853389135,228.19775690140835,224.6455731013804,59.77870621300525,236.26666979421958,221.85505610269712,7.363798050030113
2024-10-24,AAPL,230.0636749267578,230.3131259260407,227.90841463888628,229.47495899723685,31109500,232.0113685800825,226.12272890289515,231.41093391310415,225.52314802874315,233.56595129753524,233.9351372634737,233.0969778733182,227.39951613756347,51.59316115297002,236.32653194070377,222.06260614181605,2.404711287154413
2024-10-25,AAPL,230.9018096923828,232.7078323586645,229.0658541264054,229.2354789664412,38802300,232.05527148775474,226.225303084929,231.0153966500745,225.66872963414306,229.47495899723685,233.376366009758,231.09139869260775,224.0069821228032,51.151605258976666,236.36780539683878,222.14905146504282,3.6419782322590777
2024-10-28,AAPL,232.88743591308597,234.21451699403664,232.03931169048732,232.80762499530724,36087100,232.5162582971446,226.41289035375436,231.3412563492077,225.94868631497303,229.2354789664412,233.56595129753524,232.9173703418766,223.8074274254469,57.05558455732747,236.6980709266626,222.1460663797068,2.175205303549319
2024-10-29,AAPL,233.15684509277344,233.815399347975,231.8098189074392,232.58810476348472,35417200,232.46537098616128,226.56016622280652,231.5679560608944,226.20905566589505,232.80762499530724,229.47495899723685,235.66131853389135,224.7353864657012,56.60283012831318,237.00232258567516,222.1990281705827,2.0055804405357947
2024-10-30,AAPL,229.5946807861328,232.95727501758805,229.04588560251636,232.09916306464564,47070900,232.56614742336507,226.6966653232247,231.66453915248553,226.44004026976762,232.58810476348472,229.2354789664412,233.9351372634737,227.27979028338345,55.54557160163801,237.1500852766346,222.72178803606366,3.9113894150716817
2024-10-31,AAPL,225.4138946533203,229.325284321648,224.8750719925984,228.83635490362704,64370100,232.1580458795401,226.75294145455075,231.15032383451123,226.53401339266406,232.09916306464564,232.80762499530724,233.376366009758,228.79644988971887,48.97188471014991,236.96548604644357,223.32546544647943,4.450212329049606
2024-11-01,AAPL,222.42047119140625,224.8551151455125,219.78626950218683,220.48472918772245,65276700,230.6403869449232,226.6168408030818,229.21112480782236,226.29678656109775,228.83635490362704,232.58810476348472,233.56595129753524,228.19775690140835,36.92563810542273,237.7490976114155,221.8503751865233,5.068845643325687
2024-11-04,AAPL,221.5224456787109,222.3007315284092,219.2275088130919,220.5046966292777,44944500,229.29734288150357,226.5236459095191,227.6281378662688,226.06964577945777,220.48472918772245,232.09916306464564,229.47495899723685,233.0969778733182,36.96556071371239,238.20588287620964,221.0433613723766,3.0732227153172857
2024-11-05,AAPL,222.95928955078125,223.4581915257104,220.65436486265335,221.31291912362707,28111300,228.09099819289048,226.42466398235766,226.47991627669757,225.88310747922912,220.5046966292777,228.83635490362704,229.2354789664412,231.09139869260775,38.65801543736156,238.47902477918217,220.52076863922207,2.8038266630570376
2024-11-06,AAPL,222.23089599609372,225.5735453041769,220.7042571772517,222.1211369530596,54561100,226.94651675844298,226.35701312350704,225.68741094512703,225.73557922330093,221.31291912362707,220.48472918772245,232.80762499530724,232.9173703418766,40.38186640860388,238.69149646968663,220.04687199745348,4.869288126925198
2024-11-07,AAPL,226.98043823242188,227.37956894750107,224.0768403097807,224.13670611072257,42137700,226.41269146979153,226.29135790492302,225.40546461159894,225.67287831692533,222.1211369530596,220.5046966292777,232.58810476348472,235.66131853389135,44.56570019297735,238.77285465944863,219.65120539042533,3.302728637720378
2024-11-08,AAPL,226.7107391357422,228.4088689967903,226.16134014604208,226.92049995960824,38328800,226.18119356910825,226.2378738661933,225.68092558396427,225.7218046558541,224.13670611072257,221.31291912362707,232.09916306464564,233.9351372634737,49.80507979471013,238.73019676311242,219.5062682937505,2.2475288507482105
2024-11-11,AAPL,223.98373413085935,225.45212091614076,221.25673663335024,224.7528927426808,42005600,225.37572034384556,226.1392419221011,225.51219234009454,225.68380811023945,226.92049995960824,222.1211369530596,228.83635490362704,233.376366009758,46.147625879945025,238.73950599077696,219.1524726502133,4.1953842827905135
2024-11-12,AAPL,223.98373413085935,225.34224111445195,223.11469448970428,224.30339000560164,40398300,224.5472488680573,226.06434807726657,225.29241009745948,225.62967406692033,224.7528927426808,224.13670611072257,220.48472918772245,233.56595129753524,45.403020105191096,238.30448839975472,218.70813145446388,2.2275466247476743
2024-11-13,AAPL,224.8727569580078,226.4010754152989,222.5153482196322,223.76397540644064,48566200,223.71373010223678,226.11616310047972,225.01451288091062,225.5565094135682,224.30339000560164,226.92049995960824,220.5046966292777,229.47495899723685,44.47560546972717,238.07114214495704,218.20873538064478,3.8857271956667034
2024-11-14,AAPL,227.9693603515625,228.61864039722624,224.7528954725484,224.77287777547028,44923900,223.3073823894211,226.18875507261276,224.970579225376,225.52577876109376,223.76397540644064,224.7528927426808,221.31291912362707,229.2354789664412,46.66979231424004,237.51372238854307,217.95170588041813,3.8657449246778413
2024-11-15,AAPL,224.7528839111328,226.6707733581308,224.023689933323,226.15134020310103,47923700,223.87404349095897,226.2426178941973,225.18526303950782,225.55031058234894,224.77287777547028,224.30339000560164,222.1211369530596,232.80762499530724,49.60033403242466,236.35069204175363,218.16373839412853,2.6470834248077892
2024-11-18,AAPL,227.7695770263672,229.4876892234719,224.9227009955052,225.00261496304853,44686000,224.32383532433605,226.33596885296433,225.15205429833338,225.52883232276855,226.15134020310103,223.76397540644064,224.13670611072257,232.58810476348472,47.26924320116197,235.4123992084366,218.20877899740302,4.564988227966694
2024-11-19,AAPL,228.0292816162109,229.9072217123872,226.4110657200773,226.7307063420897,36211800,224.8656140461823,226.50179810923092,225.4390819426527,225.57596463725173,225.00261496304853,224.77287777547028,226.92049995960824,232.09916306464564,51.00007151903997,234.53615199422325,218.42046024484955,3.496155992309923
2024-11-20,AAPL,228.7484893798828,229.67746064503265,225.64190448211676,227.80951934283004,35169600,225.43445228515935,226.63851531868187,225.87007056086674,225.66355501786268,226.7307063420897,226.15134020310103,224.7528927426808,228.83635490362704,53.22501541514023,233.60027520353088,218.78069384007136,4.035556162915896
2024-11-21,AAPL,228.2690277099609,229.907225938216,225.46211628612437,228.6286329426038,42108300,225.88364496834748,226.77086066425412,226.3716273575462,225.77983258353882,227.80951934283004,225.00261496304853,224.30339000560164,220.48472918772245,54.89952405132679,233.49181814928514,218.8045182888538,4.445109652091617
2024-11-22,AAPL,229.61753845214844,230.4666110292765,227.80952873867184,227.80952873867184,38168300,225.97254784625383,226.86527097562808,226.6330639722963,225.85942851119108,228.6286329426038,226.7307063420897,223.76397540644064,220.5046966292777,52.861574021334306,233.32632497556128,218.82741643980077,2.6570822906046487
2024-11-25,AAPL,232.6142425537109,232.99383009111637,229.48769048234251,231.2058026888721,90152800,226.61783884087293,227.16809786333133,227.4644710116737,226.06909024364916,227.80952873867184,227.80951934283004,224.77287777547028,221.31291912362707,59.564123856752786,232.97743191377813,219.01612727094042,3.50613960877385
2024-11-26,AAPL,234.8018341064453,235.31128373473047,233.07373841155265,233.07373841155265,45986200,227.49487368146805,227.52404874281842,228.4843378116517,226.343782328665,231.2058026888721,228.6286329426038,226.15134020310103,222.1211369530596,62.705057850936576,233.09599619711628,218.94612635240907,2.2375453231778124
2024-11-27,AAPL,234.67198181152344,235.43115689965904,233.55321672420507,234.21249554010248,33498400,228.53972569483426,227.86685367287487,229.52582103500637,226.65235931734884,233.07373841155265,227.80952873867184,225.00261496304853,224.13670611072257,64.51470632290817,233.61280144914008,218.64065434793093,1.877940175453972
2024-11-29,AAPL,237.06935119628903,237.5488197625333,233.71304074851764,234.5521145499528,28481400,229.5176493722825,228.06797762628221,230.43969258317844,226.96215364019605,234.21249554010248,231.2058026888721,226.7307063420897,226.92049995960824,65.05923685396849,234.68558124174115,218.13945051996245,3.8357790140156567
2024-12-02,AAPL,239.3268585205078,240.52553753151284,236.89953466637493,237.00941446483552,48137100,230.6034567984559,228.21886652060675,231.63418747075247,227.35616386861327,234.5521145499528,233.07373841155265,227.80951934283004,224.7528927426808,68.79092686237885,236.24675098476456,218.23074930465037,3.626002865137906
2024-12-03,AAPL,242.3834991455078,242.49337894569655,238.6376176509325,239.54662188503684,38861000,232.05785749065475,228.47298414244375,233.07281190971324,227.83422104572793,237.00941446483552,234.21249554010248,228.6286329426038,224.30339000560164,72.10377209010159,238.12791720152495,218.2537756134659,3.8557612947640507
2024-12-04,AAPL,242.74310302734372,243.84190102311464,240.9850414761411,242.6032573953393,44383900,233.64511259597975,228.76209189805297,234.80562017982706,228.41339894179114,239.54662188503684,234.5521145499528,227.80952873867184,223.76397540644064,75.48055592178734,240.4934651305675,218.01726151159457,2.8568595469735385
2024-12-05,AAPL,242.7730712890625,244.2714238935446,241.86408229295347,243.72204013219252,40033900,235.23636467491596,229.147811923087,236.4267874438935,229.01373781200294,242.6032573953393,237.00941446483552,231.2058026888721,224.77287777547028,76.59719415161155,242.71710676889268,217.95371019118267,2.4073416005911383
2024-12-06,AAPL,242.5732879638672,244.3613305629988,241.8141281502541,242.6432183998472,36870600,236.6378232206403,229.46465954825982,237.55704761770323,229.54822724682037,243.72204013219252,239.54662188503684,233.07373841155265,226.15134020310103,73.13831463059414,244.39440065554686,218.12706753344094,2.5472024127446957
2024-12-09,AAPL,246.47900390625,246.96847124510987,241.48449521514056,241.56440918324205,44649200,238.01331126509731,229.73678190846823,238.28565881143754,230.01945006785652,242.6432183998472,242.6032573953393,234.21249554010248,225.00261496304853,69.74655564575923,245.6974680069038,218.28839110444736,5.4839760299693125
2024-12-10,AAPL,247.4978790283203,247.93739821602463,245.0705399660552,246.61884065291167,36914800,239.55461506150132,230.07846231051786,239.80078278261465,230.6704065613881,241.56440918324205,243.72204013219252,234.5521145499528,226.7307063420897,75.48318117446975,247.76045626162144,218.4119976407528,2.8668582499694253
2024-12-11,AAPL,246.2192840576172,250.5245479203196,245.98952569372008,247.6876707672576,45205800,241.0160082970718,230.451896320571,241.23476241618607,231.33775025573593,246.61884065291167,242.6432183998472,237.00941446483552,227.80951934283004,76.49804263734848,249.65276372174625,218.85811825679352,4.535022226599523
2024-12-12,AAPL,247.68768310546875,248.46682524629017,245.4101731068781,246.61885092340057,32777500,242.2566438354016,230.87639458903416,242.21368759931596,231.93700910544825,247.6876707672576,241.56440918324205,239.54662188503684,228.6286329426038,73.23342372546497,250.90336793087928,219.89300159935655,3.05665213941208
2024-12-13,AAPL,247.85748291015625,249.016197294528,245.96955931284188,247.54782582286597,33155300,243.55621496269296,231.3344396434639,243.18353091268867,232.5491979963274,246.61885092340057,246.61884065291167,242.6032573953393,227.80952873867184,74.2615551344512,252.09864956177825,220.97521477319714,3.046637981686132
2024-12-16,AAPL,250.7642822265625,251.1039203968556,247.3780059899919,247.71764416028495,51694800,244.62703793223787,231.74080220391832,244.00791513952436,233.14403902236495,247.54782582286597,247.6876707672576,243.72204013219252,231.2058026888721,74.45472159911779,253.13766836334386,222.0928263673499,3.7259144068637227
2024-12-17,AAPL,253.20159912109372,253.5512208135588,249.50566587259755,249.80533943156328,51356400,245.6529096868905,232.2567693500935,245.06199228353142,233.79742335213743,247.71764416028495,246.61885092340057,242.6432183998472,233.07373841155265,76.76352464664517,254.10981808900607,223.60094908853927,4.045554940961267
2024-12-18,AAPL,247.77757263183597,254.0007260278641,247.46791553993853,251.883059276542,56774100,246.58088987501077,232.8182819871154,246.3021862822606,234.50666397662388,249.80533943156328,247.54782582286597,241.56440918324205,234.21249554010248,78.81561582882739,255.3088516703479,224.91715080064262,6.532810487925559
2024-12-19,AAPL,249.51565551757807,251.72323503929724,246.81862390484892,247.2281772707384,60882300,246.93150358886538,233.2681378032162,246.47054828016564,235.0055468509029,251.883059276542,247.71764416028495,246.61884065291167,234.5521145499528,64.97175112776668,255.47118683513708,226.6966814286443,4.9046111344483165
2024-12-20,AAPL,254.21051025390625,254.71994465608725,245.4201718605057,247.76758181309805,147495300,247.44393993019042,233.67789363381044,246.70637255888062,235.5060188102047,247.2281772707384,249.80533943156328,247.6876707672576,237.00941446483552,65.72309251299859,255.50332453464566,228.5784386161852,9.29977279558156
2024-12-23,AAPL,254.9896545410156,255.36922684225436,253.171646035914,254.49020366493687,40858800,248.73651937835993,234.19176870931483,248.12161457816356,236.25049664764518,247.76758181309805,251.883059276542,246.61885092340057,239.54662188503684,73.38523586688315,256.20494375779487,230.54488688566238,2.197580806340369
2024-12-24,AAPL,257.9164428710937,257.92641115938613,255.0096198916901,255.2094124344067,23234700,249.59557655650943,234.73200181997478,249.41030509748046,236.9939835412437,254.49020366493687,247.2281772707384,247.54782582286597,242.6032573953393,74.05347036762305,257.11469312271026,232.0354984953005,2.916791267696027
2024-12-26,AAPL,258.7355041503906,259.81433504408284,257.3470466563245,257.90642916266114,27237100,250.6174523960498,235.22819084576165,250.9550549275133,237.81407944796595,255.2094124344067,247.76758181309805,247.71764416028495,243.72204013219252,76.44213685501258,258.4723030673405,233.16115762578107,2.4672883877583445
2024-12-27,AAPL,255.30929565429688,258.41589596104086,252.78207543596488,257.54682582842287,42355300,251.710249886552,235.75729938847795,252.15355872767864,238.58791263935643,257.90642916266114,254.49020366493687,249.80533943156328,242.6432183998472,75.44482621324784,259.4456290978459,234.52126462410777,5.633820525075976
2024-12-30,AAPL,251.9230194091797,253.22159473829512,250.47461491371797,251.95298524244893,35557500,252.1507658285103,236.13801168648942,252.11709082127322,239.11203313359533,257.54682582842287,255.2094124344067,251.883059276542,241.56440918324205,61.91315008605682,259.09225104061613,236.61472975058706,2.746979824577153
